{
    "name": "custom.python.file_checks",
    "version": "1.011",
    "type": "python",
    "entity": "HOST",
    "technologies": [],
    "metricGroup": "tech.File.Checks",
    "source": {
        "package": "file_checks_extension",
        "className": "FileChecks",
        "install_requires": [],
        "activation": "Singleton"
    },
    "properties": [
        {"key":  "paths_size", "type":  "Textarea", "defaultValue":  "/tmp"},
        {"key":  "paths_modified", "type":  "Textarea", "defaultValue":  "/tmp"},
        {"key":  "paths_exist", "type":  "Textarea", "defaultValue":  "/tmp"},
        {"key":  "paths_count", "type":  "Textarea", "defaultValue":  "/tmp"},
        {"key":  "paths_count_types", "type":  "Dropdown", "dropdownValues":  ["ALL", "FILES", "FOLDERS"]},
        {"key":  "file_content", "type":  "Textarea"},
        {"key":  "frequency", "type":  "Integer", "defaultValue":  1}
    ],
    "configUI": {
        "displayName": "File Checks",
        "properties": [
            {"key":  "paths_size", "displayName":  "Size", "displayHint":  "Paths separated by a new line, ie: /var/log", "displayOrder":  1},
            {"key":  "paths_modified", "displayName":  "Last Modified", "displayHint":  "Paths separated by a new line, ie: /var/log", "displayOrder":  2},
            {"key":  "paths_exist", "displayName":  "Exists", "displayHint":  "Paths separated by a new line, ie: /var/log", "displayOrder":  3},
            {"key":  "paths_count", "displayName":  "Count", "displayHint":  "Paths separated by a new line, ie: /var/log", "displayOrder":  4},
            {"key":  "paths_count_types", "displayName":  "Count Types", "displayHint":  "For Count, count only files, only folders or both", "displayOrder":  5},
            {"key":  "file_content", "displayName":  "File content", "displayHint":  "Path|Content, one on each line, example: /tmp/file.txt|my string", "displayOrder":  6},
            {"key":  "frequency", "displayName":  "Poll frequency (minutes)", "displayHint":  "Minimum 1 minute", "displayOrder": 7}
        ]
    },
    "metrics": [
        { "timeseries": { "key": "path_size", "unit": "Byte", "displayname": "Path Size", "dimensions": ["Path"] } },
        { "timeseries": { "key": "paths_modified", "unit": "Second", "displayname": "Path Last Modified", "dimensions": ["Path"] } },
        { "timeseries": { "key": "paths_exist", "unit": "Count", "displayname": "Path Exists", "dimensions": ["Path"] } },
        { "timeseries": { "key": "paths_count", "unit": "Count", "displayname": "Path Count", "dimensions": ["Path"] } },
        { "timeseries": { "key": "file_content", "unit": "Count", "displayname": "Path Count", "dimensions": ["Path"] } }
    ],
    "ui": {
        "keymetrics": [
            {"key": "path_size", "aggregation": "AVG", "displayName": "Size", "mergeaggregation": "SUM"},
            {"key": "paths_count", "aggregation": "AVG", "displayName": "Count", "mergeaggregation": "SUM"}
        ],
        "charts": [
            {"group":  "Files", "title":  "Size", "series":  [
                 {"key": "path_size", "aggregation": "AVG", "displayName": "Size"}
            ]},
            {"group":  "Files", "title":  "Last Modified", "series":  [
                 {"key": "paths_modified", "aggregation": "AVG", "displayName": "Last Modified"}
            ]},
            {"group":  "Files", "title":  "Exists", "series":  [
                 {"key": "paths_exist", "aggregation": "AVG", "displayName": "Exists"}
            ]},
            {"group":  "Files", "title":  "Count", "series":  [
                 {"key": "paths_count", "aggregation": "AVG", "displayName": "Count"}
            ]}
        ],
        "keycharts": [
            {"group":  "Files", "title":  "Size", "series":  [
                 {"key": "path_size", "aggregation": "AVG", "displayName": "Size", "mergeaggregation":  "SUM"}
            ]},
            {"group":  "Files", "title":  "Last Modified", "series":  [
                 {"key": "paths_modified", "aggregation": "AVG", "displayName": "Last Modified", "mergeaggregation":  "SUM"}
            ]},
            {"group":  "Files", "title":  "Exists", "series":  [
                 {"key": "paths_exist", "aggregation": "AVG", "displayName": "Exists", "mergeaggregation":  "SUM"}
            ]},
            {"group":  "Files", "title":  "Count", "series":  [
                 {"key": "paths_count", "aggregation": "AVG", "displayName": "Count", "mergeaggregation":  "SUM"}
            ]}
        ]
    }

}
